qid,qtype,http_status,normalized_accuracy,strict_exact_match,combined_gold_evidence_hit,latency_s,agent_steps_count,llm_calls_count,total_tokens,final_provider
pub-001,aggregation,SUCCESS,False,False,False,45.873,9,7,4502,groq
pub-002,temporal,SUCCESS,True,False,True,58.891,4,6,2322,groq
pub-003,aggregation,SUCCESS,False,False,False,70.071,6,9,3100,groq
pub-004,superlative,SUCCESS,False,False,False,69.232,6,9,3100,groq
pub-005,multi_hop,SUCCESS,False,False,False,28.73,3,7,1762,groq
pub-006,temporal,SUCCESS,False,False,False,15.624,0,4,420,groq
pub-007,temporal,SUCCESS,False,False,False,64.356,6,8,3172,groq
pub-008,superlative,SUCCESS,False,False,False,51.592,6,8,3100,groq
pub-009,lookup,SUCCESS,False,False,False,41.512,0,4,300,groq
pub-010,aggregation,SUCCESS,False,False,False,54.612,6,8,3100,groq
pub-011,multi_hop,SUCCESS,False,False,False,27.733,3,6,1762,groq
pub-012,aggregation,SUCCESS,True,False,True,66.858,6,9,3100,groq
pub-013,temporal,SUCCESS,False,False,False,41.041,0,4,440,groq
pub-014,multi_hop,SUCCESS,False,False,False,27.603,3,5,1862,groq
pub-015,multi_hop,SUCCESS,False,False,False,10.899,3,5,1862,groq
pub-016,temporal,SUCCESS,False,False,False,23.797,0,4,400,groq
pub-017,multi_hop,SUCCESS,False,False,False,27.403,3,6,1762,groq
pub-018,temporal,SUCCESS,False,False,False,47.541,6,8,3192,groq
pub-019,aggregation,SUCCESS,False,False,False,18.382,3,3,1802,freellmapi
pub-020,aggregation,SUCCESS,False,False,False,47.964,3,3,1822,freellmapi
pub-021,superlative,SUCCESS,False,False,False,18.759,3,3,1822,freellmapi
pub-022,multi_hop,SUCCESS,False,False,False,33.865,3,3,1802,freellmapi
pub-023,multi_hop,SUCCESS,False,False,False,19.366,3,3,1882,freellmapi
pub-024,aggregation,SUCCESS,False,False,False,49.084,3,3,1802,freellmapi
pub-025,lookup,SUCCESS,False,False,False,62.891,3,3,1722,freellmapi
pub-026,temporal,SUCCESS,False,False,False,5.707,3,3,1802,freellmapi
pub-027,aggregation,SUCCESS,False,False,False,3.543,3,3,1802,freellmapi
pub-028,multi_hop,SUCCESS,False,False,False,62.635,3,3,1822,freellmapi
pub-029,lookup,SUCCESS,False,False,False,48.008,3,3,1782,freellmapi
pub-030,multi_hop,SUCCESS,False,False,False,33.139,3,3,1762,freellmapi
pub-031,multi_hop,SUCCESS,False,False,False,48.001,3,3,1782,freellmapi
pub-032,lookup,SUCCESS,False,False,False,47.82,3,3,1722,freellmapi
pub-033,aggregation,SUCCESS,False,False,False,18.197,3,3,1802,freellmapi
pub-034,lookup,SUCCESS,False,False,False,62.792,3,3,1722,freellmapi
pub-035,lookup,SUCCESS,False,False,False,18.215,3,3,1782,freellmapi
pub-036,temporal,SUCCESS,False,False,False,18.175,3,3,1822,freellmapi
pub-037,superlative,SUCCESS,False,False,False,47.987,3,3,1802,freellmapi
pub-038,multi_hop,SUCCESS,False,False,False,48.748,3,3,1802,freellmapi
pub-039,temporal,SUCCESS,False,False,False,18.597,3,3,1822,freellmapi
pub-040,temporal,SUCCESS,False,False,False,32.88,3,3,1862,freellmapi
pub-041,multi_hop,SUCCESS,False,False,False,48.014,3,3,1842,freellmapi
pub-042,lookup,SUCCESS,False,False,False,62.806,3,3,1742,freellmapi
pub-043,multi_hop,SUCCESS,False,False,False,33.027,3,3,1722,freellmapi
pub-044,superlative,SUCCESS,False,False,False,47.926,3,3,1802,freellmapi
pub-045,aggregation,SUCCESS,False,False,False,48.015,3,3,1802,freellmapi
pub-046,lookup,SUCCESS,False,False,False,47.922,3,3,1762,freellmapi
pub-047,lookup,SUCCESS,False,False,False,33.023,3,3,1742,freellmapi
pub-048,temporal,SUCCESS,False,False,False,33.104,3,3,1822,freellmapi
pub-049,temporal,SUCCESS,False,False,False,33.149,3,3,1802,freellmapi
pub-050,multi_hop,SUCCESS,False,False,False,33.144,3,3,1782,freellmapi
pub-051,aggregation,SUCCESS,False,False,False,32.956,3,3,1802,freellmapi
pub-052,lookup,SUCCESS,False,False,False,63.539,3,3,1702,freellmapi
pub-053,superlative,SUCCESS,False,False,False,48.612,3,3,1802,freellmapi
pub-054,lookup,SUCCESS,False,False,False,77.848,3,3,1742,freellmapi
pub-055,temporal,SUCCESS,False,False,False,47.789,3,3,1822,freellmapi
pub-056,temporal,SUCCESS,False,False,False,62.774,3,3,1862,freellmapi
pub-057,temporal,SUCCESS,False,False,False,62.866,3,3,1822,freellmapi
pub-058,aggregation,SUCCESS,False,False,False,47.882,3,3,1802,freellmapi
pub-059,temporal,SUCCESS,False,False,False,33.097,3,3,1802,freellmapi
pub-060,multi_hop,SUCCESS,False,False,False,33.108,3,3,1842,freellmapi
pub-061,lookup,SUCCESS,False,False,False,33.029,3,3,1702,freellmapi
pub-062,temporal,SUCCESS,False,False,False,47.957,3,3,1822,freellmapi
pub-063,lookup,SUCCESS,False,False,False,33.024,3,3,1742,freellmapi
pub-064,multi_hop,SUCCESS,False,False,False,33.952,3,3,1822,freellmapi
pub-065,aggregation,SUCCESS,False,False,False,48.636,3,3,1802,freellmapi
pub-066,superlative,SUCCESS,False,False,False,48.231,3,3,1802,freellmapi
pub-067,multi_hop,SUCCESS,False,False,False,33.648,3,3,1842,freellmapi
pub-068,lookup,SUCCESS,False,False,False,33.634,3,3,1702,freellmapi
pub-069,aggregation,SUCCESS,False,False,False,62.714,3,3,1802,freellmapi
pub-070,aggregation,SUCCESS,False,False,False,18.265,3,3,1822,freellmapi
pub-071,lookup,SUCCESS,False,False,False,47.918,3,3,1702,freellmapi
pub-072,temporal,SUCCESS,False,False,False,18.233,3,3,1842,freellmapi
pub-073,multi_hop,SUCCESS,False,False,False,33.066,3,3,1862,freellmapi
pub-074,lookup,SUCCESS,False,False,False,47.874,3,3,1802,freellmapi
pub-075,lookup,SUCCESS,False,False,False,33.114,3,3,1742,freellmapi
pub-076,multi_hop,SUCCESS,False,False,False,33.015,3,3,1722,freellmapi
pub-077,multi_hop,SUCCESS,False,False,False,48.015,3,3,1822,freellmapi
pub-078,aggregation,SUCCESS,False,False,False,33.175,3,3,1802,freellmapi
pub-079,multi_hop,SUCCESS,False,False,False,34.207,3,3,1842,freellmapi
pub-080,lookup,SUCCESS,False,False,False,18.398,3,3,1722,freellmapi
pub-081,multi_hop,SUCCESS,False,False,False,33.901,3,3,1782,freellmapi
pub-082,aggregation,SUCCESS,False,False,False,63.072,3,3,1802,freellmapi
pub-083,multi_hop,SUCCESS,False,False,False,48.412,3,3,1762,freellmapi
pub-084,superlative,SUCCESS,False,False,False,33.122,3,3,1802,freellmapi
pub-085,superlative,SUCCESS,False,False,False,62.795,3,3,1802,freellmapi
pub-086,multi_hop,SUCCESS,False,False,False,33.068,3,3,1762,freellmapi
pub-087,aggregation,SUCCESS,False,False,False,3.433,3,3,1802,freellmapi
pub-088,superlative,SUCCESS,False,False,False,34.015,3,3,1822,freellmapi
pub-089,aggregation,SUCCESS,False,False,False,48.281,3,3,1802,freellmapi
pub-090,temporal,SUCCESS,False,False,False,47.921,3,3,1842,freellmapi
pub-091,lookup,SUCCESS,False,False,False,33.094,3,3,1742,freellmapi
pub-092,aggregation,SUCCESS,False,False,False,17.942,3,3,1802,freellmapi
pub-093,aggregation,SUCCESS,False,False,False,47.722,3,3,1802,freellmapi
pub-094,temporal,SUCCESS,False,False,False,3.43,3,3,1842,freellmapi
pub-095,multi_hop,SUCCESS,False,False,False,47.898,3,3,1762,freellmapi
pub-096,multi_hop,SUCCESS,False,False,False,33.436,3,3,1782,freellmapi
pub-097,temporal,SUCCESS,False,False,False,33.209,3,3,1802,freellmapi
pub-098,multi_hop,SUCCESS,False,False,False,62.705,3,3,1862,freellmapi
pub-099,multi_hop,SUCCESS,False,False,False,47.806,3,3,1802,freellmapi
pub-100,temporal,SUCCESS,False,False,False,33.042,3,3,1842,freellmapi
