qid,question,strict_match,normalized_match,gold_retrieval_hit,combined_evidence_hit,answer,retrieved_docs_chunks
pub-001,"According to the provided corpus, how many biathlon events at the 2018 Winter Olympics had more than 73 competitors?",False,True,False,False,,
pub-003,"According to the provided corpus, how many shooting events at the 2004 Summer Olympics had more than 37 competitors?",False,True,False,False,,
pub-010,"According to the provided corpus, how many cycling events at the 2000 Summer Olympics had more than 30 competitors?",False,True,False,False,,
pub-012,"According to the provided corpus, how many rowing events at the 2020 Summer Olympics had more than 36 competitors?",False,False,False,False,,
pub-019,"According to the provided corpus, how many fencing events at the 1988 Summer Olympics had more than 68 competitors?",False,True,False,False,,
pub-020,"According to the provided corpus, how many alpine skiing events at the 2014 Winter Olympics had more than 63 competitors?",False,True,False,False,,
pub-024,"According to the provided corpus, how many biathlon events at the 2002 Winter Olympics had more than 74 competitors?",False,True,False,False,,
pub-027,"According to the provided corpus, how many fencing events at the 2008 Summer Olympics had more than 32 competitors?",False,True,False,False,,
pub-033,"According to the provided corpus, how many judo events at the 2004 Summer Olympics had more than 32 competitors?",False,True,False,False,,
pub-045,"According to the provided corpus, how many athletics events at the 2004 Summer Olympics had more than 41 competitors?",False,True,False,False,,
pub-051,"According to the provided corpus, how many canoeing events at the 2012 Summer Olympics had more than 25 competitors?",False,True,False,False,,
pub-058,"According to the provided corpus, how many rowing events at the 1996 Summer Olympics had more than 39 competitors?",False,True,False,False,,
pub-065,"According to the provided corpus, how many biathlon events at the 2014 Winter Olympics had more than 68 competitors?",False,False,False,False,,
pub-069,"According to the provided corpus, how many fencing events at the 2000 Summer Olympics had more than 39 competitors?",False,True,False,False,,
pub-070,"According to the provided corpus, how many speed skating events at the 2010 Winter Olympics had more than 36 competitors?",False,True,False,False,,
pub-078,"According to the provided corpus, how many athletics events at the 1996 Summer Olympics had more than 49 competitors?",False,True,False,False,,
pub-082,"According to the provided corpus, how many swimming events at the 1996 Summer Olympics had more than 42 competitors?",False,True,False,False,,
pub-087,"According to the provided corpus, how many athletics events at the 1988 Summer Olympics had more than 41 competitors?",False,False,False,False,,
pub-089,"According to the provided corpus, how many boxing events at the 1988 Summer Olympics had more than 39 competitors?",False,True,False,False,,
pub-092,"According to the provided corpus, how many shooting events at the 1992 Summer Olympics had more than 44 competitors?",False,True,False,False,,
pub-093,"According to the provided corpus, how many biathlon events at the 2006 Winter Olympics had more than 72 competitors?",False,True,False,False,,
