qid,qtype,latency_s,http_status,provider,model,fallback_used,normalized_accuracy,gold_evidence_hit
pub-001,aggregation,46.014,SUCCESS,groq,qwen/qwen3.8-27b,False,False,False
pub-002,temporal,68.311,SUCCESS,groq,qwen/qwen3.8-27b,False,True,True
pub-003,aggregation,105.645,SUCCESS,groq,qwen/qwen3.8-27b,False,False,False
pub-004,superlative,103.666,SUCCESS,groq,qwen/qwen3.8-27b,False,False,False
pub-005,multi_hop,82.725,SUCCESS,groq,qwen/qwen3.8-27b,False,True,True
pub-006,temporal,58.071,SUCCESS,groq,qwen/qwen3.8-27b,False,True,True
pub-007,temporal,86.072,SUCCESS,groq,qwen/qwen3.8-27b,False,True,True
pub-008,superlative,103.708,SUCCESS,groq,qwen/qwen3.8-27b,False,False,False
pub-009,lookup,58.441,SUCCESS,groq,qwen/qwen3.8-27b,False,True,True
pub-010,aggregation,81.835,SUCCESS,groq,qwen/qwen3.8-27b,False,True,True
pub-011,multi_hop,166.069,SUCCESS,groq,qwen/qwen3.8-27b,False,False,False
pub-012,aggregation,44.806,SUCCESS,groq,qwen/qwen3.8-27b,False,True,True
pub-013,temporal,92.024,SUCCESS,groq,qwen/qwen3.8-27b,False,False,False
pub-014,multi_hop,143.817,SUCCESS,groq,qwen/qwen3.8-27b,False,True,True
pub-015,multi_hop,9.715,SUCCESS,groq,qwen/qwen3.8-27b,False,False,False
pub-016,temporal,26.142,SUCCESS,groq,qwen/qwen3.8-27b,False,True,True
pub-017,multi_hop,75.376,SUCCESS,groq,qwen/qwen3.8-27b,False,False,False
pub-018,temporal,50.66,SUCCESS,groq,qwen/qwen3.8-27b,False,True,True
pub-019,aggregation,27.417,SUCCESS,groq,qwen/qwen3.8-27b,False,False,False
pub-020,aggregation,41.747,SUCCESS,groq,qwen/qwen3.8-27b,False,True,True
pub-021,superlative,54.084,SUCCESS,groq,qwen/qwen3.8-27b,False,True,True
pub-022,multi_hop,57.656,SUCCESS,groq,qwen/qwen3.8-27b,False,False,False
pub-023,multi_hop,51.7,SUCCESS,groq,qwen/qwen3.8-27b,False,False,False
pub-024,aggregation,7.415,SUCCESS,groq,qwen/qwen3.8-27b,False,False,False
pub-025,lookup,4.805,SUCCESS,groq,qwen/qwen3.8-27b,False,False,False
