historical_chunk_id,document_id,vertex_exists,qwen_embedding_non_null,embedding_dimension,current_state_verified
Q1005192_chunk_0,Q1005192,True,True,1024,True
Q1005557_chunk_0,Q1005557,True,True,1024,True
Q1005811_chunk_1,Q1005811,True,True,1024,True
Q10572431_chunk_0,Q10572431,True,True,1024,True
Q107861723_chunk_1,Q107861723,True,True,1024,True
Q1095367_chunk_1,Q1095367,True,True,1024,True
Q1156252_chunk_5,Q1156252,True,True,1024,True
Q1222641_chunk_0,Q1222641,True,True,1024,True
Q1222651_chunk_0,Q1222651,True,True,1024,True
Q12808128_chunk_0,Q12808128,True,True,1024,True
Q1360804_chunk_2,Q1360804,True,True,1024,True
Q1408881_chunk_0,Q1408881,True,True,1024,True
Q17515790_chunk_0,Q17515790,True,True,1024,True
Q2000988_chunk_2,Q2000988,True,True,1024,True
Q2070832_chunk_0,Q2070832,True,True,1024,True
Q22964444_chunk_2,Q22964444,True,True,1024,True
Q2463752_chunk_4,Q2463752,True,True,1024,True
Q24761058_chunk_0,Q24761058,True,True,1024,True
Q2500292_chunk_0,Q2500292,True,True,1024,True
Q25991452_chunk_1,Q25991452,True,True,1024,True
Q26228283_chunk_0,Q26228283,True,True,1024,True
Q26234144_chunk_1,Q26234144,True,True,1024,True
Q26860_chunk_1,Q26860,True,True,1024,True
Q280553_chunk_0,Q280553,True,True,1024,True
Q30680433_chunk_0,Q30680433,True,True,1024,True
Q3499066_chunk_1,Q3499066,True,True,1024,True
Q3628683_chunk_5,Q3628683,True,True,1024,True
Q3628777_chunk_2,Q3628777,True,True,1024,True
Q3998590_chunk_1,Q3998590,True,True,1024,True
Q47155555_chunk_1,Q47155555,True,True,1024,True
Q47295256_chunk_1,Q47295256,True,True,1024,True
Q4903025_chunk_7,Q4903025,True,True,1024,True
Q599322_chunk_1,Q599322,True,True,1024,True
Q645932_chunk_2,Q645932,True,True,1024,True
Q65242164_chunk_3,Q65242164,True,True,1024,True
Q65242174_chunk_2,Q65242174,True,True,1024,True
Q677063_chunk_1,Q677063,True,True,1024,True
Q735286_chunk_2,Q735286,True,True,1024,True
Q7979972_chunk_0,Q7979972,True,True,1024,True
Q7979977_chunk_1,Q7979977,True,True,1024,True
Q843436_chunk_6,Q843436,True,True,1024,True
Q914969_chunk_0,Q914969,True,True,1024,True
Q937526_chunk_0,Q937526,True,True,1024,True
